rank,wallet,ranks_on,seeds,realized_pnl,roi
1,CTRWQ3mn1VSPdZgJdA3GiLCcBo1vA24gPnZGma89mrKn,7,AI16Z|FARTCOIN|GIGA|GOAT|MEW|MOODENG|WIF,7633441.55,0.0769
2,AVAZvHLR2PcWpDf8BXY4rVxNHYRBytycHkcB5z5QNXYm,4,FARTCOIN|GOAT|MOODENG|WIF,7550640.65,0.5443
3,78EQD9AmL5sp8J11o17tA7EUSRoEm9fRBsvcR3Cxt3iW,4,AI16Z|FARTCOIN|POPCAT|WIF,4232879.41,0.7663
4,4mouYks3478R7mKibRQmeEmtKVruZRwxdzs6FKQrdDAa,4,AI16Z|GIGA|PNUT|WIF,2846156.65,0.3101
5,8zFZHuSRuDpuAR7J6FzwyF3vKNx4CVW3DFHJerQhc7Zd,3,GOAT|MOODENG|PNUT,3939972.76,0.8761
6,CH9i39Jga5ZTsKKadFd4N9V3GUUXjn3gPxJhePTeoJ22,3,GIGA|GOAT|WIF,11215105.61,0.3806
7,CSiZG5sBsNDgLmbEH54hfLNAn3f3JXVsTqU1LzZTD3KX,3,GOAT|MOODENG|PNUT,5326785.39,0.6114
8,7HGwBPjoGBqHnSPqv2JF9QnySKuojmUKgH8hiHYGesQA,3,GOAT|MOODENG|PNUT,2041388.2,0.9623
9,2vK5HFxProie9YdPQG9bbE78dKHFYdveijUv65p8B5Ny,3,BONK|FARTCOIN|POPCAT,10925038.65,0.1418
10,BW4oXEu4syZsS4U5HeUXjeG2uQJEA49zp5ByYTR7hywp,3,AI16Z|FARTCOIN|GOAT,6503855.44,0.2447
11,8WiUx5AhwaSmDtjQHzTLo8G3m5PnNDFQSjWC7558zng9,3,BONK|GIGA|WIF,3755961.27,0.2397
12,14DRqqWwGckgju11crFXtiagMEsESMkW12DFkMKT2sAV,3,AI16Z|FARTCOIN|PNUT,3677712.42,0.2285
13,DFCsk3eC8c4VLMSqzzBNBwPsb3jHh562GnnMwY3jRsck,3,BONK|GOAT|PNUT,2097540.06,0.3503
14,HYWo71Wk9PNDe5sBaRKazPnVyGnQDiwgXCFKvgAQ1ENp,3,GIGA|MEW|MOODENG,1330976.39,0.193
15,4kguEV9YRtxuMiUJicpiUQ1itMxosEba4BHCfUTZJP3H,2,FARTCOIN|GOAT,4219366.63,23.3094
16,4v7nGvhrYgHxwkeVAUijm3HPaFLBA133Z3SBrxsFWjzD,2,GOAT|PNUT,3978988.27,5.2412
17,4kWbtFRCoJFgbMpFqBzKYN3MsFcUwaL8t1ysB6ADq2ye,2,GOAT|MOODENG,1742032.3,16.9709
18,4RdA9pordAbYrY3ZYT8zJdJTfHptbFxxsvQm7sJiXqgZ,2,GOAT|MOODENG,1224480.07,79.5616
19,4QmkHvmqoUkMvno8DRwvUkVYXCR4sRGvR7TjLPrgmQ1p,2,GOAT|PNUT,1192261.57,3.3159
20,H72yLkhTnoBfhBTXXaj1RBXuirm8s8G5fcVh2XpQLggM,2,GOAT|MOODENG,1323415.17,2.9954
21,6jgjS8xMLCW1vnBk9SimbjL1JTUV1U4tKNV6TfwgxdT8,2,GIGA|WIF,1499353.04,2.8673
22,EZopeJNmE6WQSnfRyQaxJ29psZP1KBv2WWqQzNbPZnTr,2,FARTCOIN|GOAT,20043198.16,0.8422
23,46tYh8v3ZKgyhr944aD9WzQTg8Ff3EEBi4AFVBYoKq2w,2,FARTCOIN|GOAT,2734958.64,1.551
24,AaQtXpw8wsFyMs2pkb2uFqR7cZQWGXZ1GbmfewbwAQy1,2,GOAT|PNUT,1693512.76,1.6303
25,CcLYwqv5EDkSdahkLpT3imWWg3Tr1ZF5ye8msy1Swiqy,2,POPCAT|WIF,18982622.37,0.4022
26,nQ1qHfmxjk1e9JQtn2tQFnfH295Go6e98LCCQFZ1sHd,2,AI16Z|PNUT,1082982.98,1.634
27,2dTytXLH6HZsjbsjYinqgg8kmgQWypHAgbquZ1pcQipF,2,GOAT|PNUT,4499579.22,0.8895
28,Ad3grcn4kAtybmUKbYY5LRxvPN9bMsCLxACctFFyB7nN,2,POPCAT|WIF,1710817.95,1.2106
29,DhfEncUbk61czr98NVWiB6xMoptcv348CiEG7SAZWRV6,2,POPCAT|WIF,1498768.25,1.1457
30,55NQkFDwwW8noThkL9Rd5ngbgUU36fYZeos1k5ZwjGdn,2,MOODENG|PNUT,4269278.05,0.5753
31,FyYJ39RZCMFVjakLDAXSjtMYNnCXgjV5U1tm77tE7mfq,2,MOODENG|PNUT,1002985.97,1.1989
32,DqVoj8XRUWyk3A4QwQMpeVfP7tFXCDcva18x532jDZzf,2,AI16Z|POPCAT,3894605.78,0.6036
33,7GBD3t2xWGbu9xhQP9r81EEbwhFvSp3Si4ki4gi7Sss6,2,MEW|MOODENG,2300658.62,0.7538
34,2JrTudNHthFHtgHBoJdx9xKgGRAYrir7AUw7shvdW5uR,2,GOAT|MOODENG,6055499.39,0.3009
35,6K2d9LvM3i47P9FxzEQP4hXZwiHA2c2wgfzGTeTvJqj8,2,GOAT|WIF,3498854.29,0.3237
36,Ca7GEhzggtShWH7i7e3Lm6Z9bkRH5z41rQUCwKTPfKcK,2,BONK|FARTCOIN,4171233.47,0.221
37,FL4j8EEMAPUjrvASnqX7VdpWZJji1LFsAxwojhpueUYt,2,FARTCOIN|GOAT,4100015.53,0.1858
38,GftZxPUqTeGKgFSiujrh272jSGqRVdN92hGyJoYp3cio,2,AI16Z|GOAT,2313041.7,0.4224
39,GmCpbakhFmFiQbZfMCbkjUq1bggBQgGPVmLfXs9iHoA1,2,AI16Z|FARTCOIN,2104107.33,0.4625
40,6g5GfufZPTakcdGeAMLEg3wYFQsHQX7tMJiJ5RPPzSdY,2,FARTCOIN|GOAT,1925698.59,0.4766
41,ERjCjBRinnL5zGgURC2DneErtqzojV7oNHhqiGnHcXW1,2,GOAT|WIF,2228749.69,0.405
42,3nptjNHuusLfyduYekcXS3143FTmPsWhqFidGBZYbUpf,2,AI16Z|FARTCOIN,2490606.88,0.3326
43,EoN2ef1hPAT9WCw6gjkgp6922WvagdCcjkJGkXqB33aW,2,GOAT|WIF,2022152.6,0.3719
44,CappSyR39LAweesyTgAysYvf3DVWuRLvaEqvmuCvP93J,2,MOODENG|PNUT,1975983.87,0.3559
45,AFM8TvRDQivUwvJKiit6ZdZUiuVEDEbsEypBzxQ8ce3r,2,AI16Z|FARTCOIN,1955895.07,0.335
46,8B6D8a1BFYPxXNJExTAkcjyL3dTUodcAcZJBbjV9v61d,2,GIGA|MOODENG,427496.93,0.9717
47,FaJjFBqNPpFpEmpNG9er4D2a11YJA2WkNPwgdyTXKLJo,2,POPCAT|WIF,745338.28,0.6946
48,71WDyyCsZwyEYDV91Qrb212rdg6woCHYQhFnmZUBxiJ6,2,GIGA|MEW,1622662.24,0.3227
49,u4YbQLbsP4PdjBv6KjAsGNLUsVDG6sFUkywFjn5mzPk,2,BONK|POPCAT,1044131.44,0.3825
50,H6Ka9tgezTfHBWjp1DUbSbxgoPD66k1bXmkLcrtBD8AR,2,BONK|FARTCOIN,1333925.73,0.2741
51,2YL8kwf9WvoZWKAXWX18jodL6xcJmr6o6gLUnkPWJA9L,2,BONK|POPCAT,861276.11,0.4435
52,3SdVtYPdnQw2b8WSE2T1VeexAqkDjbTyeSZ8Pzs6bgou,2,BONK|FARTCOIN,1526047.51,0.1611
53,3JS5N2GDpBRdFHqmJJyz6Aj3XdTeUDohd88aHWJWqqbP,2,BONK|WIF,1218105.05,0.2537
54,6C8hhnG2rXmATxkK2LDkum6KqsQuteCcQkza4UnsLNrP,2,BONK|PNUT,1537474.25,0.1311
55,NjordRPSzFs8XQUKMjGrhPcmGo9yfC9HP3VHmh8xZpZ,2,GOAT|MOODENG,959251.68,0.3186
56,7QwFCtDv4hnWSfRB7eTa7xWkUu29NSa9hhm7muy2fWC2,2,POPCAT|WIF,881797.27,0.2862
57,CMup3m7gDxMTCbMu1xQVtjRmNRH2kTJESPPhkD3j7XUk,2,BONK|POPCAT,899312.91,0.2484
58,6eicnkjvcFQvqjmzSzx8TqLTb8bJmE6AHTqrKZcYFqdK,2,POPCAT|WIF,920490.53,0.2271
59,3FyGJDgsMdJoUCXBqdDqPyMmef8gMmXwxYXdvcmKdHM4,2,MEW|WIF,837414.35,0.2527
60,4p9n3ossu8MovDwGWLQNTPSFjMQSKJJ2khMqD1pD7qv3,2,BONK|WIF,902188.42,0.1028
61,D4zVhwuUsFbcaty7wJhNEZ7VEwPHXQ5d2heXPxM5yWhL,2,GIGA|PNUT,950165.45,0.0186
62,HpZx3Z5jXVCoav32zQnoKp6oWDKY3vXuFtBip54J5E2y,2,MOODENG|WIF,740072.24,0.0397
63,8UKRSR2jq2hLgQjU16hMGSNzXQHhoKT917jJMUyCKFCP,2,AI16Z|MEW,640179.25,0.0615
64,5iC1yoXYmUGsGBBLSKTgedya4cjQokaD3DxYoUTozz3c,2,GIGA|POPCAT,581629.56,0.1003
65,4ym5NnDuP5q2BoELeLaJHcC14PxN33dPjXgUq5U5dW4R,2,BONK|WIF,514730.76,0.0557
66,ART4s79gZC65kDPwF5uJdFu6XKDerNcM8pmbVDvkc6Sk,2,BONK|MEW,349627.69,0.0729
